new_cases_smoothed,new_deaths_smoothed,
0.53575,0,1
128.5114194,0.433193548,1
384.5619333,6.552433333,1
43.35483871,2.451580645,-1
225.3048,1.209466667,1
1383.940065,6.562258065,1
1469.290323,12.41470968,1
3966.1143,19.83336667,1
2630.645161,32.22583871,-1
717.7476667,11.44283333,-1
2373.52529,13.21203226,1
7020.142871,44.77877419,1
5043.617321,36.93371429,-1
3101.21,19.52111765,-1
